Currency,Time,Open,High,Low,Close,20 Period High,20 Period Low
EUR_USD,18:35:27,"                     Open     High      Low    Close  20 Period High  \
Time                                                                   
2017-05-22 14:35  1.12386  1.12386  1.12386  1.12386             NaN   

                  20 Period Low  
Time                             
2017-05-22 14:35            NaN  "
Currency,Time,Open,High,Low,Close,20 Period High,20 Period Low
EUR_USD,18:35:33,"                     Open     High      Low    Close  20 Period High  \
Time                                                                   
2017-05-22 14:35  1.12386  1.12386  1.12384  1.12384             NaN   

                  20 Period Low  
Time                             
2017-05-22 14:35            NaN  "
Currency,Time,Open,High,Low,Close,20 Period High,20 Period Low
EUR_USD,18:35:35,"                     Open     High       Low     Close  20 Period High  \
Time                                                                     
2017-05-22 14:35  1.12386  1.12386  1.123815  1.123815             NaN   

                  20 Period Low  
Time                             
2017-05-22 14:35            NaN  "
Currency,Time,Open,High,Low,Close,20 Period High,20 Period Low
EUR_USD,18:40:00,"                     Open     High      Low    Close  20 Period High  \
Time                                                                   
2017-05-22 14:40  1.12375  1.12375  1.12375  1.12375             NaN   

                  20 Period Low  
Time                             
2017-05-22 14:40            NaN  "
EUR_USD,18:40:20,"                     Open      High      Low     Close  20 Period High  \
Time                                                                     
2017-05-22 14:40  1.12375  1.123775  1.12375  1.123775             NaN   

                  20 Period Low  
Time                             
2017-05-22 14:40            NaN  "
EUR_USD,18:40:23,"                     Open    High      Low   Close  20 Period High  \
Time                                                                 
2017-05-22 14:40  1.12375  1.1238  1.12375  1.1238             NaN   

                  20 Period Low  
Time                             
2017-05-22 14:40            NaN  "
EUR_USD,18:40:37,"                     Open    High      Low    Close  20 Period High  \
Time                                                                  
2017-05-22 14:40  1.12375  1.1238  1.12375  1.12378             NaN   

                  20 Period Low  
Time                             
2017-05-22 14:40            NaN  "
EUR_USD,18:40:43,"                     Open    High      Low   Close  20 Period High  \
Time                                                                 
2017-05-22 14:40  1.12375  1.1238  1.12375  1.1238             NaN   

                  20 Period Low  
Time                             
2017-05-22 14:40            NaN  "
EUR_USD,18:40:44,"                     Open      High      Low     Close  20 Period High  \
Time                                                                     
2017-05-22 14:40  1.12375  1.123825  1.12375  1.123825             NaN   

                  20 Period Low  
Time                             
2017-05-22 14:40            NaN  "
EUR_USD,18:41:02,"                     Open      High      Low     Close  20 Period High  \
Time                                                                     
2017-05-22 14:40  1.12375  1.123825  1.12375  1.123825             NaN   
2017-05-22 14:41  1.12385  1.123850  1.12385  1.123850             NaN   

                  20 Period Low  
Time                             
2017-05-22 14:40            NaN  
2017-05-22 14:41            NaN  "
EUR_USD,18:41:03,"                     Open      High      Low     Close  20 Period High  \
Time                                                                     
2017-05-22 14:40  1.12375  1.123825  1.12375  1.123825             NaN   
2017-05-22 14:41  1.12385  1.123870  1.12385  1.123870             NaN   

                  20 Period Low  
Time                             
2017-05-22 14:40            NaN  
2017-05-22 14:41            NaN  "
EUR_USD,18:41:03,"                     Open      High      Low     Close  20 Period High  \
Time                                                                     
2017-05-22 14:40  1.12375  1.123825  1.12375  1.123825             NaN   
2017-05-22 14:41  1.12385  1.123900  1.12385  1.123900             NaN   

                  20 Period Low  
Time                             
2017-05-22 14:40            NaN  
2017-05-22 14:41            NaN  "
EUR_USD,18:41:08,"                     Open      High      Low     Close  20 Period High  \
Time                                                                     
2017-05-22 14:40  1.12375  1.123825  1.12375  1.123825             NaN   
2017-05-22 14:41  1.12385  1.123920  1.12385  1.123920             NaN   

                  20 Period Low  
Time                             
2017-05-22 14:40            NaN  
2017-05-22 14:41            NaN  "
EUR_USD,18:41:08,"                     Open      High      Low     Close  20 Period High  \
Time                                                                     
2017-05-22 14:40  1.12375  1.123825  1.12375  1.123825             NaN   
2017-05-22 14:41  1.12385  1.123920  1.12385  1.123900             NaN   

                  20 Period Low  
Time                             
2017-05-22 14:40            NaN  
2017-05-22 14:41            NaN  "
EUR_USD,18:41:13,"                     Open      High      Low     Close  20 Period High  \
Time                                                                     
2017-05-22 14:40  1.12375  1.123825  1.12375  1.123825             NaN   
2017-05-22 14:41  1.12385  1.123920  1.12385  1.123920             NaN   

                  20 Period Low  
Time                             
2017-05-22 14:40            NaN  
2017-05-22 14:41            NaN  "
EUR_USD,18:41:25,"                     Open      High      Low     Close  20 Period High  \
Time                                                                     
2017-05-22 14:40  1.12375  1.123825  1.12375  1.123825             NaN   
2017-05-22 14:41  1.12385  1.123940  1.12385  1.123940             NaN   

                  20 Period Low  
Time                             
2017-05-22 14:40            NaN  
2017-05-22 14:41            NaN  "
EUR_USD,18:42:33,"                     Open      High      Low     Close  20 Period High  \
Time                                                                     
2017-05-22 14:40  1.12375  1.123825  1.12375  1.123825             NaN   
2017-05-22 14:41  1.12385  1.123940  1.12385  1.123940             NaN   
2017-05-22 14:42  1.12397  1.123970  1.12397  1.123970             NaN   

                  20 Period Low  
Time                             
2017-05-22 14:40            NaN  
2017-05-22 14:41            NaN  
2017-05-22 14:42            NaN  "
EUR_USD,18:42:34,"                     Open      High      Low     Close  20 Period High  \
Time                                                                     
2017-05-22 14:40  1.12375  1.123825  1.12375  1.123825             NaN   
2017-05-22 14:41  1.12385  1.123940  1.12385  1.123940             NaN   
2017-05-22 14:42  1.12397  1.123990  1.12397  1.123990             NaN   

                  20 Period Low  
Time                             
2017-05-22 14:40            NaN  
2017-05-22 14:41            NaN  
2017-05-22 14:42            NaN  "
EUR_USD,18:42:47,"                     Open      High      Low     Close  20 Period High  \
Time                                                                     
2017-05-22 14:40  1.12375  1.123825  1.12375  1.123825             NaN   
2017-05-22 14:41  1.12385  1.123940  1.12385  1.123940             NaN   
2017-05-22 14:42  1.12397  1.124020  1.12397  1.124020             NaN   

                  20 Period Low  
Time                             
2017-05-22 14:40            NaN  
2017-05-22 14:41            NaN  
2017-05-22 14:42            NaN  "
EUR_USD,18:43:02,"                      Open      High       Low     Close  20 Period High  \
Time                                                                       
2017-05-22 14:40  1.123750  1.123825  1.123750  1.123825             NaN   
2017-05-22 14:41  1.123850  1.123940  1.123850  1.123940             NaN   
2017-05-22 14:42  1.123970  1.124020  1.123970  1.124020             NaN   
2017-05-22 14:43  1.123995  1.123995  1.123995  1.123995             NaN   

                  20 Period Low  
Time                             
2017-05-22 14:40            NaN  
2017-05-22 14:41            NaN  
2017-05-22 14:42            NaN  
2017-05-22 14:43            NaN  "
EUR_USD,18:43:06,"                      Open      High       Low     Close  20 Period High  \
Time                                                                       
2017-05-22 14:40  1.123750  1.123825  1.123750  1.123825             NaN   
2017-05-22 14:41  1.123850  1.123940  1.123850  1.123940             NaN   
2017-05-22 14:42  1.123970  1.124020  1.123970  1.124020             NaN   
2017-05-22 14:43  1.123995  1.124015  1.123995  1.124015             NaN   

                  20 Period Low  
Time                             
2017-05-22 14:40            NaN  
2017-05-22 14:41            NaN  
2017-05-22 14:42            NaN  
2017-05-22 14:43            NaN  "
EUR_USD,18:43:07,"                      Open      High       Low     Close  20 Period High  \
Time                                                                       
2017-05-22 14:40  1.123750  1.123825  1.123750  1.123825             NaN   
2017-05-22 14:41  1.123850  1.123940  1.123850  1.123940             NaN   
2017-05-22 14:42  1.123970  1.124020  1.123970  1.124020             NaN   
2017-05-22 14:43  1.123995  1.124035  1.123995  1.124035             NaN   

                  20 Period Low  
Time                             
2017-05-22 14:40            NaN  
2017-05-22 14:41            NaN  
2017-05-22 14:42            NaN  
2017-05-22 14:43            NaN  "
EUR_USD,18:43:15,"                      Open      High       Low     Close  20 Period High  \
Time                                                                       
2017-05-22 14:40  1.123750  1.123825  1.123750  1.123825             NaN   
2017-05-22 14:41  1.123850  1.123940  1.123850  1.123940             NaN   
2017-05-22 14:42  1.123970  1.124020  1.123970  1.124020             NaN   
2017-05-22 14:43  1.123995  1.124060  1.123995  1.124060             NaN   

                  20 Period Low  
Time                             
2017-05-22 14:40            NaN  
2017-05-22 14:41            NaN  
2017-05-22 14:42            NaN  
2017-05-22 14:43            NaN  "
EUR_USD,18:43:16,"                      Open      High       Low     Close  20 Period High  \
Time                                                                       
2017-05-22 14:40  1.123750  1.123825  1.123750  1.123825             NaN   
2017-05-22 14:41  1.123850  1.123940  1.123850  1.123940             NaN   
2017-05-22 14:42  1.123970  1.124020  1.123970  1.124020             NaN   
2017-05-22 14:43  1.123995  1.124060  1.123995  1.124040             NaN   

                  20 Period Low  
Time                             
2017-05-22 14:40            NaN  
2017-05-22 14:41            NaN  
2017-05-22 14:42            NaN  
2017-05-22 14:43            NaN  "
EUR_USD,18:43:19,"                      Open      High       Low     Close  20 Period High  \
Time                                                                       
2017-05-22 14:40  1.123750  1.123825  1.123750  1.123825             NaN   
2017-05-22 14:41  1.123850  1.123940  1.123850  1.123940             NaN   
2017-05-22 14:42  1.123970  1.124020  1.123970  1.124020             NaN   
2017-05-22 14:43  1.123995  1.124060  1.123995  1.124015             NaN   

                  20 Period Low  
Time                             
2017-05-22 14:40            NaN  
2017-05-22 14:41            NaN  
2017-05-22 14:42            NaN  
2017-05-22 14:43            NaN  "
EUR_USD,18:43:27,"                      Open      High       Low     Close  20 Period High  \
Time                                                                       
2017-05-22 14:40  1.123750  1.123825  1.123750  1.123825             NaN   
2017-05-22 14:41  1.123850  1.123940  1.123850  1.123940             NaN   
2017-05-22 14:42  1.123970  1.124020  1.123970  1.124020             NaN   
2017-05-22 14:43  1.123995  1.124060  1.123995  1.124040             NaN   

                  20 Period Low  
Time                             
2017-05-22 14:40            NaN  
2017-05-22 14:41            NaN  
2017-05-22 14:42            NaN  
2017-05-22 14:43            NaN  "
EUR_USD,18:43:42,"                      Open      High       Low     Close  20 Period High  \
Time                                                                       
2017-05-22 14:40  1.123750  1.123825  1.123750  1.123825             NaN   
2017-05-22 14:41  1.123850  1.123940  1.123850  1.123940             NaN   
2017-05-22 14:42  1.123970  1.124020  1.123970  1.124020             NaN   
2017-05-22 14:43  1.123995  1.124065  1.123995  1.124065             NaN   

                  20 Period Low  
Time                             
2017-05-22 14:40            NaN  
2017-05-22 14:41            NaN  
2017-05-22 14:42            NaN  
2017-05-22 14:43            NaN  "
EUR_USD,18:43:50,"                      Open      High       Low     Close  20 Period High  \
Time                                                                       
2017-05-22 14:40  1.123750  1.123825  1.123750  1.123825             NaN   
2017-05-22 14:41  1.123850  1.123940  1.123850  1.123940             NaN   
2017-05-22 14:42  1.123970  1.124020  1.123970  1.124020             NaN   
2017-05-22 14:43  1.123995  1.124085  1.123995  1.124085             NaN   

                  20 Period Low  
Time                             
2017-05-22 14:40            NaN  
2017-05-22 14:41            NaN  
2017-05-22 14:42            NaN  
2017-05-22 14:43            NaN  "
EUR_USD,18:43:55,"                      Open      High       Low     Close  20 Period High  \
Time                                                                       
2017-05-22 14:40  1.123750  1.123825  1.123750  1.123825             NaN   
2017-05-22 14:41  1.123850  1.123940  1.123850  1.123940             NaN   
2017-05-22 14:42  1.123970  1.124020  1.123970  1.124020             NaN   
2017-05-22 14:43  1.123995  1.124105  1.123995  1.124105             NaN   

                  20 Period Low  
Time                             
2017-05-22 14:40            NaN  
2017-05-22 14:41            NaN  
2017-05-22 14:42            NaN  
2017-05-22 14:43            NaN  "
EUR_USD,18:44:07,"                      Open      High       Low     Close  20 Period High  \
Time                                                                       
2017-05-22 14:40  1.123750  1.123825  1.123750  1.123825             NaN   
2017-05-22 14:41  1.123850  1.123940  1.123850  1.123940             NaN   
2017-05-22 14:42  1.123970  1.124020  1.123970  1.124020             NaN   
2017-05-22 14:43  1.123995  1.124105  1.123995  1.124105             NaN   
2017-05-22 14:44  1.124110  1.124110  1.124110  1.124110             NaN   

                  20 Period Low  
Time                             
2017-05-22 14:40            NaN  
2017-05-22 14:41            NaN  
2017-05-22 14:42            NaN  
2017-05-22 14:43            NaN  
2017-05-22 14:44            NaN  "
EUR_USD,18:44:14,"                      Open      High       Low     Close  20 Period High  \
Time                                                                       
2017-05-22 14:40  1.123750  1.123825  1.123750  1.123825             NaN   
2017-05-22 14:41  1.123850  1.123940  1.123850  1.123940             NaN   
2017-05-22 14:42  1.123970  1.124020  1.123970  1.124020             NaN   
2017-05-22 14:43  1.123995  1.124105  1.123995  1.124105             NaN   
2017-05-22 14:44  1.124110  1.124110  1.124110  1.124110             NaN   

                  20 Period Low  
Time                             
2017-05-22 14:40            NaN  
2017-05-22 14:41            NaN  
2017-05-22 14:42            NaN  
2017-05-22 14:43            NaN  
2017-05-22 14:44            NaN  "
EUR_USD,18:44:19,"                      Open      High       Low     Close  20 Period High  \
Time                                                                       
2017-05-22 14:40  1.123750  1.123825  1.123750  1.123825             NaN   
2017-05-22 14:41  1.123850  1.123940  1.123850  1.123940             NaN   
2017-05-22 14:42  1.123970  1.124020  1.123970  1.124020             NaN   
2017-05-22 14:43  1.123995  1.124105  1.123995  1.124105             NaN   
2017-05-22 14:44  1.124110  1.124110  1.124085  1.124085             NaN   

                  20 Period Low  
Time                             
2017-05-22 14:40            NaN  
2017-05-22 14:41            NaN  
2017-05-22 14:42            NaN  
2017-05-22 14:43            NaN  
2017-05-22 14:44            NaN  "
EUR_USD,18:44:23,"                      Open      High       Low     Close  20 Period High  \
Time                                                                       
2017-05-22 14:40  1.123750  1.123825  1.123750  1.123825             NaN   
2017-05-22 14:41  1.123850  1.123940  1.123850  1.123940             NaN   
2017-05-22 14:42  1.123970  1.124020  1.123970  1.124020             NaN   
2017-05-22 14:43  1.123995  1.124105  1.123995  1.124105             NaN   
2017-05-22 14:44  1.124110  1.124110  1.124085  1.124105             NaN   

                  20 Period Low  
Time                             
2017-05-22 14:40            NaN  
2017-05-22 14:41            NaN  
2017-05-22 14:42            NaN  
2017-05-22 14:43            NaN  
2017-05-22 14:44            NaN  "
EUR_USD,18:44:26,"                      Open      High       Low     Close  20 Period High  \
Time                                                                       
2017-05-22 14:40  1.123750  1.123825  1.123750  1.123825             NaN   
2017-05-22 14:41  1.123850  1.123940  1.123850  1.123940             NaN   
2017-05-22 14:42  1.123970  1.124020  1.123970  1.124020             NaN   
2017-05-22 14:43  1.123995  1.124105  1.123995  1.124105             NaN   
2017-05-22 14:44  1.124110  1.124110  1.124085  1.124085             NaN   

                  20 Period Low  
Time                             
2017-05-22 14:40            NaN  
2017-05-22 14:41            NaN  
2017-05-22 14:42            NaN  
2017-05-22 14:43            NaN  
2017-05-22 14:44            NaN  "
EUR_USD,18:44:39,"                      Open      High       Low     Close  20 Period High  \
Time                                                                       
2017-05-22 14:40  1.123750  1.123825  1.123750  1.123825             NaN   
2017-05-22 14:41  1.123850  1.123940  1.123850  1.123940             NaN   
2017-05-22 14:42  1.123970  1.124020  1.123970  1.124020             NaN   
2017-05-22 14:43  1.123995  1.124105  1.123995  1.124105             NaN   
2017-05-22 14:44  1.124110  1.124110  1.124060  1.124060             NaN   

                  20 Period Low  
Time                             
2017-05-22 14:40            NaN  
2017-05-22 14:41            NaN  
2017-05-22 14:42            NaN  
2017-05-22 14:43            NaN  
2017-05-22 14:44            NaN  "
EUR_USD,18:44:46,"                      Open      High       Low     Close  20 Period High  \
Time                                                                       
2017-05-22 14:40  1.123750  1.123825  1.123750  1.123825             NaN   
2017-05-22 14:41  1.123850  1.123940  1.123850  1.123940             NaN   
2017-05-22 14:42  1.123970  1.124020  1.123970  1.124020             NaN   
2017-05-22 14:43  1.123995  1.124105  1.123995  1.124105             NaN   
2017-05-22 14:44  1.124110  1.124110  1.124060  1.124085             NaN   

                  20 Period Low  
Time                             
2017-05-22 14:40            NaN  
2017-05-22 14:41            NaN  
2017-05-22 14:42            NaN  
2017-05-22 14:43            NaN  
2017-05-22 14:44            NaN  "
EUR_USD,18:44:48,"                      Open      High       Low     Close  20 Period High  \
Time                                                                       
2017-05-22 14:40  1.123750  1.123825  1.123750  1.123825             NaN   
2017-05-22 14:41  1.123850  1.123940  1.123850  1.123940             NaN   
2017-05-22 14:42  1.123970  1.124020  1.123970  1.124020             NaN   
2017-05-22 14:43  1.123995  1.124105  1.123995  1.124105             NaN   
2017-05-22 14:44  1.124110  1.124110  1.124060  1.124065             NaN   

                  20 Period Low  
Time                             
2017-05-22 14:40            NaN  
2017-05-22 14:41            NaN  
2017-05-22 14:42            NaN  
2017-05-22 14:43            NaN  
2017-05-22 14:44            NaN  "
EUR_USD,18:45:02,"                      Open      High       Low     Close  20 Period High  \
Time                                                                       
2017-05-22 14:40  1.123750  1.123825  1.123750  1.123825             NaN   
2017-05-22 14:41  1.123850  1.123940  1.123850  1.123940             NaN   
2017-05-22 14:42  1.123970  1.124020  1.123970  1.124020             NaN   
2017-05-22 14:43  1.123995  1.124105  1.123995  1.124105             NaN   
2017-05-22 14:44  1.124110  1.124110  1.124060  1.124065             NaN   
2017-05-22 14:45  1.124040  1.124040  1.124040  1.124040             NaN   

                  20 Period Low  
Time                             
2017-05-22 14:40            NaN  
2017-05-22 14:41            NaN  
2017-05-22 14:42            NaN  
2017-05-22 14:43            NaN  
2017-05-22 14:44            NaN  
2017-05-22 14:45            NaN  "
EUR_USD,18:45:06,"                      Open      High       Low     Close  20 Period High  \
Time                                                                       
2017-05-22 14:40  1.123750  1.123825  1.123750  1.123825             NaN   
2017-05-22 14:41  1.123850  1.123940  1.123850  1.123940             NaN   
2017-05-22 14:42  1.123970  1.124020  1.123970  1.124020             NaN   
2017-05-22 14:43  1.123995  1.124105  1.123995  1.124105             NaN   
2017-05-22 14:44  1.124110  1.124110  1.124060  1.124065             NaN   
2017-05-22 14:45  1.124040  1.124040  1.124015  1.124015             NaN   

                  20 Period Low  
Time                             
2017-05-22 14:40            NaN  
2017-05-22 14:41            NaN  
2017-05-22 14:42            NaN  
2017-05-22 14:43            NaN  
2017-05-22 14:44            NaN  
2017-05-22 14:45            NaN  "
EUR_USD,18:45:14,"                      Open      High       Low     Close  20 Period High  \
Time                                                                       
2017-05-22 14:40  1.123750  1.123825  1.123750  1.123825             NaN   
2017-05-22 14:41  1.123850  1.123940  1.123850  1.123940             NaN   
2017-05-22 14:42  1.123970  1.124020  1.123970  1.124020             NaN   
2017-05-22 14:43  1.123995  1.124105  1.123995  1.124105             NaN   
2017-05-22 14:44  1.124110  1.124110  1.124060  1.124065             NaN   
2017-05-22 14:45  1.124040  1.124040  1.124015  1.124035             NaN   

                  20 Period Low  
Time                             
2017-05-22 14:40            NaN  
2017-05-22 14:41            NaN  
2017-05-22 14:42            NaN  
2017-05-22 14:43            NaN  
2017-05-22 14:44            NaN  
2017-05-22 14:45            NaN  "
EUR_USD,18:45:43,"                      Open      High       Low     Close  20 Period High  \
Time                                                                       
2017-05-22 14:40  1.123750  1.123825  1.123750  1.123825             NaN   
2017-05-22 14:41  1.123850  1.123940  1.123850  1.123940             NaN   
2017-05-22 14:42  1.123970  1.124020  1.123970  1.124020             NaN   
2017-05-22 14:43  1.123995  1.124105  1.123995  1.124105             NaN   
2017-05-22 14:44  1.124110  1.124110  1.124060  1.124065             NaN   
2017-05-22 14:45  1.124040  1.124040  1.124015  1.124015             NaN   

                  20 Period Low  
Time                             
2017-05-22 14:40            NaN  
2017-05-22 14:41            NaN  
2017-05-22 14:42            NaN  
2017-05-22 14:43            NaN  
2017-05-22 14:44            NaN  
2017-05-22 14:45            NaN  "
EUR_USD,18:45:43,"                      Open      High       Low     Close  20 Period High  \
Time                                                                       
2017-05-22 14:40  1.123750  1.123825  1.123750  1.123825             NaN   
2017-05-22 14:41  1.123850  1.123940  1.123850  1.123940             NaN   
2017-05-22 14:42  1.123970  1.124020  1.123970  1.124020             NaN   
2017-05-22 14:43  1.123995  1.124105  1.123995  1.124105             NaN   
2017-05-22 14:44  1.124110  1.124110  1.124060  1.124065             NaN   
2017-05-22 14:45  1.124040  1.124040  1.123995  1.123995             NaN   

                  20 Period Low  
Time                             
2017-05-22 14:40            NaN  
2017-05-22 14:41            NaN  
2017-05-22 14:42            NaN  
2017-05-22 14:43            NaN  
2017-05-22 14:44            NaN  
2017-05-22 14:45            NaN  "
EUR_USD,18:46:32,"                      Open      High       Low     Close  20 Period High  \
Time                                                                       
2017-05-22 14:40  1.123750  1.123825  1.123750  1.123825             NaN   
2017-05-22 14:41  1.123850  1.123940  1.123850  1.123940             NaN   
2017-05-22 14:42  1.123970  1.124020  1.123970  1.124020             NaN   
2017-05-22 14:43  1.123995  1.124105  1.123995  1.124105             NaN   
2017-05-22 14:44  1.124110  1.124110  1.124060  1.124065             NaN   
2017-05-22 14:45  1.124040  1.124040  1.123995  1.123995             NaN   
2017-05-22 14:46  1.123970  1.123970  1.123970  1.123970             NaN   

                  20 Period Low  
Time                             
2017-05-22 14:40            NaN  
2017-05-22 14:41            NaN  
2017-05-22 14:42            NaN  
2017-05-22 14:43            NaN  
2017-05-22 14:44            NaN  
2017-05-22 14:45            NaN  
2017-05-22 14:46            NaN  "
EUR_USD,18:46:32,"                      Open      High       Low     Close  20 Period High  \
Time                                                                       
2017-05-22 14:40  1.123750  1.123825  1.123750  1.123825             NaN   
2017-05-22 14:41  1.123850  1.123940  1.123850  1.123940             NaN   
2017-05-22 14:42  1.123970  1.124020  1.123970  1.124020             NaN   
2017-05-22 14:43  1.123995  1.124105  1.123995  1.124105             NaN   
2017-05-22 14:44  1.124110  1.124110  1.124060  1.124065             NaN   
2017-05-22 14:45  1.124040  1.124040  1.123995  1.123995             NaN   
2017-05-22 14:46  1.123970  1.123970  1.123945  1.123945             NaN   

                  20 Period Low  
Time                             
2017-05-22 14:40            NaN  
2017-05-22 14:41            NaN  
2017-05-22 14:42            NaN  
2017-05-22 14:43            NaN  
2017-05-22 14:44            NaN  
2017-05-22 14:45            NaN  
2017-05-22 14:46            NaN  "
EUR_USD,18:47:21,"                      Open      High       Low     Close  20 Period High  \
Time                                                                       
2017-05-22 14:40  1.123750  1.123825  1.123750  1.123825             NaN   
2017-05-22 14:41  1.123850  1.123940  1.123850  1.123940             NaN   
2017-05-22 14:42  1.123970  1.124020  1.123970  1.124020             NaN   
2017-05-22 14:43  1.123995  1.124105  1.123995  1.124105             NaN   
2017-05-22 14:44  1.124110  1.124110  1.124060  1.124065             NaN   
2017-05-22 14:45  1.124040  1.124040  1.123995  1.123995             NaN   
2017-05-22 14:46  1.123970  1.123970  1.123945  1.123945             NaN   
2017-05-22 14:47  1.123965  1.123965  1.123965  1.123965             NaN   

                  20 Period Low  
Time                             
2017-05-22 14:40            NaN  
2017-05-22 14:41            NaN  
2017-05-22 14:42            NaN  
2017-05-22 14:43            NaN  
2017-05-22 14:44            NaN  
2017-05-22 14:45            NaN  
2017-05-22 14:46            NaN  
2017-05-22 14:47            NaN  "
EUR_USD,18:47:21,"                      Open      High       Low     Close  20 Period High  \
Time                                                                       
2017-05-22 14:40  1.123750  1.123825  1.123750  1.123825             NaN   
2017-05-22 14:41  1.123850  1.123940  1.123850  1.123940             NaN   
2017-05-22 14:42  1.123970  1.124020  1.123970  1.124020             NaN   
2017-05-22 14:43  1.123995  1.124105  1.123995  1.124105             NaN   
2017-05-22 14:44  1.124110  1.124110  1.124060  1.124065             NaN   
2017-05-22 14:45  1.124040  1.124040  1.123995  1.123995             NaN   
2017-05-22 14:46  1.123970  1.123970  1.123945  1.123945             NaN   
2017-05-22 14:47  1.123965  1.123995  1.123965  1.123995             NaN   

                  20 Period Low  
Time                             
2017-05-22 14:40            NaN  
2017-05-22 14:41            NaN  
2017-05-22 14:42            NaN  
2017-05-22 14:43            NaN  
2017-05-22 14:44            NaN  
2017-05-22 14:45            NaN  
2017-05-22 14:46            NaN  
2017-05-22 14:47            NaN  "
EUR_USD,18:47:25,"                      Open      High       Low     Close  20 Period High  \
Time                                                                       
2017-05-22 14:40  1.123750  1.123825  1.123750  1.123825             NaN   
2017-05-22 14:41  1.123850  1.123940  1.123850  1.123940             NaN   
2017-05-22 14:42  1.123970  1.124020  1.123970  1.124020             NaN   
2017-05-22 14:43  1.123995  1.124105  1.123995  1.124105             NaN   
2017-05-22 14:44  1.124110  1.124110  1.124060  1.124065             NaN   
2017-05-22 14:45  1.124040  1.124040  1.123995  1.123995             NaN   
2017-05-22 14:46  1.123970  1.123970  1.123945  1.123945             NaN   
2017-05-22 14:47  1.123965  1.124020  1.123965  1.124020             NaN   

                  20 Period Low  
Time                             
2017-05-22 14:40            NaN  
2017-05-22 14:41            NaN  
2017-05-22 14:42            NaN  
2017-05-22 14:43            NaN  
2017-05-22 14:44            NaN  
2017-05-22 14:45            NaN  
2017-05-22 14:46            NaN  
2017-05-22 14:47            NaN  "
EUR_USD,18:47:25,"                      Open      High       Low     Close  20 Period High  \
Time                                                                       
2017-05-22 14:40  1.123750  1.123825  1.123750  1.123825             NaN   
2017-05-22 14:41  1.123850  1.123940  1.123850  1.123940             NaN   
2017-05-22 14:42  1.123970  1.124020  1.123970  1.124020             NaN   
2017-05-22 14:43  1.123995  1.124105  1.123995  1.124105             NaN   
2017-05-22 14:44  1.124110  1.124110  1.124060  1.124065             NaN   
2017-05-22 14:45  1.124040  1.124040  1.123995  1.123995             NaN   
2017-05-22 14:46  1.123970  1.123970  1.123945  1.123945             NaN   
2017-05-22 14:47  1.123965  1.124050  1.123965  1.124050             NaN   

                  20 Period Low  
Time                             
2017-05-22 14:40            NaN  
2017-05-22 14:41            NaN  
2017-05-22 14:42            NaN  
2017-05-22 14:43            NaN  
2017-05-22 14:44            NaN  
2017-05-22 14:45            NaN  
2017-05-22 14:46            NaN  
2017-05-22 14:47            NaN  "
EUR_USD,18:47:31,"                      Open      High       Low     Close  20 Period High  \
Time                                                                       
2017-05-22 14:40  1.123750  1.123825  1.123750  1.123825             NaN   
2017-05-22 14:41  1.123850  1.123940  1.123850  1.123940             NaN   
2017-05-22 14:42  1.123970  1.124020  1.123970  1.124020             NaN   
2017-05-22 14:43  1.123995  1.124105  1.123995  1.124105             NaN   
2017-05-22 14:44  1.124110  1.124110  1.124060  1.124065             NaN   
2017-05-22 14:45  1.124040  1.124040  1.123995  1.123995             NaN   
2017-05-22 14:46  1.123970  1.123970  1.123945  1.123945             NaN   
2017-05-22 14:47  1.123965  1.124050  1.123965  1.124030             NaN   

                  20 Period Low  
Time                             
2017-05-22 14:40            NaN  
2017-05-22 14:41            NaN  
2017-05-22 14:42            NaN  
2017-05-22 14:43            NaN  
2017-05-22 14:44            NaN  
2017-05-22 14:45            NaN  
2017-05-22 14:46            NaN  
2017-05-22 14:47            NaN  "
EUR_USD,18:47:43,"                      Open      High       Low     Close  20 Period High  \
Time                                                                       
2017-05-22 14:40  1.123750  1.123825  1.123750  1.123825             NaN   
2017-05-22 14:41  1.123850  1.123940  1.123850  1.123940             NaN   
2017-05-22 14:42  1.123970  1.124020  1.123970  1.124020             NaN   
2017-05-22 14:43  1.123995  1.124105  1.123995  1.124105             NaN   
2017-05-22 14:44  1.124110  1.124110  1.124060  1.124065             NaN   
2017-05-22 14:45  1.124040  1.124040  1.123995  1.123995             NaN   
2017-05-22 14:46  1.123970  1.123970  1.123945  1.123945             NaN   
2017-05-22 14:47  1.123965  1.124055  1.123965  1.124055             NaN   

                  20 Period Low  
Time                             
2017-05-22 14:40            NaN  
2017-05-22 14:41            NaN  
2017-05-22 14:42            NaN  
2017-05-22 14:43            NaN  
2017-05-22 14:44            NaN  
2017-05-22 14:45            NaN  
2017-05-22 14:46            NaN  
2017-05-22 14:47            NaN  "
EUR_USD,18:48:45,"                      Open      High       Low     Close  20 Period High  \
Time                                                                       
2017-05-22 14:40  1.123750  1.123825  1.123750  1.123825             NaN   
2017-05-22 14:41  1.123850  1.123940  1.123850  1.123940             NaN   
2017-05-22 14:42  1.123970  1.124020  1.123970  1.124020             NaN   
2017-05-22 14:43  1.123995  1.124105  1.123995  1.124105             NaN   
2017-05-22 14:44  1.124110  1.124110  1.124060  1.124065             NaN   
2017-05-22 14:45  1.124040  1.124040  1.123995  1.123995             NaN   
2017-05-22 14:46  1.123970  1.123970  1.123945  1.123945             NaN   
2017-05-22 14:47  1.123965  1.124055  1.123965  1.124055             NaN   
2017-05-22 14:48  1.124030  1.124030  1.124030  1.124030             NaN   

                  20 Period Low  
Time                             
2017-05-22 14:40            NaN  
2017-05-22 14:41            NaN  
2017-05-22 14:42            NaN  
2017-05-22 14:43            NaN  
2017-05-22 14:44            NaN  
2017-05-22 14:45            NaN  
2017-05-22 14:46            NaN  
2017-05-22 14:47            NaN  
2017-05-22 14:48            NaN  "
EUR_USD,18:49:15,"                      Open      High       Low     Close  20 Period High  \
Time                                                                       
2017-05-22 14:40  1.123750  1.123825  1.123750  1.123825             NaN   
2017-05-22 14:41  1.123850  1.123940  1.123850  1.123940             NaN   
2017-05-22 14:42  1.123970  1.124020  1.123970  1.124020             NaN   
2017-05-22 14:43  1.123995  1.124105  1.123995  1.124105             NaN   
2017-05-22 14:44  1.124110  1.124110  1.124060  1.124065             NaN   
2017-05-22 14:45  1.124040  1.124040  1.123995  1.123995             NaN   
2017-05-22 14:46  1.123970  1.123970  1.123945  1.123945             NaN   
2017-05-22 14:47  1.123965  1.124055  1.123965  1.124055             NaN   
2017-05-22 14:48  1.124030  1.124030  1.124030  1.124030             NaN   
2017-05-22 14:49  1.124005  1.124005  1.124005  1.124005             NaN   

                  20 Period Low  
Time                             
2017-05-22 14:40            NaN  
2017-05-22 14:41            NaN  
2017-05-22 14:42            NaN  
2017-05-22 14:43            NaN  
2017-05-22 14:44            NaN  
2017-05-22 14:45            NaN  
2017-05-22 14:46            NaN  
2017-05-22 14:47            NaN  
2017-05-22 14:48            NaN  
2017-05-22 14:49            NaN  "
EUR_USD,18:49:16,"                      Open      High       Low     Close  20 Period High  \
Time                                                                       
2017-05-22 14:40  1.123750  1.123825  1.123750  1.123825             NaN   
2017-05-22 14:41  1.123850  1.123940  1.123850  1.123940             NaN   
2017-05-22 14:42  1.123970  1.124020  1.123970  1.124020             NaN   
2017-05-22 14:43  1.123995  1.124105  1.123995  1.124105             NaN   
2017-05-22 14:44  1.124110  1.124110  1.124060  1.124065             NaN   
2017-05-22 14:45  1.124040  1.124040  1.123995  1.123995             NaN   
2017-05-22 14:46  1.123970  1.123970  1.123945  1.123945             NaN   
2017-05-22 14:47  1.123965  1.124055  1.123965  1.124055             NaN   
2017-05-22 14:48  1.124030  1.124030  1.124030  1.124030             NaN   
2017-05-22 14:49  1.124005  1.124030  1.124005  1.124030             NaN   

                  20 Period Low  
Time                             
2017-05-22 14:40            NaN  
2017-05-22 14:41            NaN  
2017-05-22 14:42            NaN  
2017-05-22 14:43            NaN  
2017-05-22 14:44            NaN  
2017-05-22 14:45            NaN  
2017-05-22 14:46            NaN  
2017-05-22 14:47            NaN  
2017-05-22 14:48            NaN  
2017-05-22 14:49            NaN  "
EUR_USD,18:49:16,"                      Open      High       Low     Close  20 Period High  \
Time                                                                       
2017-05-22 14:40  1.123750  1.123825  1.123750  1.123825             NaN   
2017-05-22 14:41  1.123850  1.123940  1.123850  1.123940             NaN   
2017-05-22 14:42  1.123970  1.124020  1.123970  1.124020             NaN   
2017-05-22 14:43  1.123995  1.124105  1.123995  1.124105             NaN   
2017-05-22 14:44  1.124110  1.124110  1.124060  1.124065             NaN   
2017-05-22 14:45  1.124040  1.124040  1.123995  1.123995             NaN   
2017-05-22 14:46  1.123970  1.123970  1.123945  1.123945             NaN   
2017-05-22 14:47  1.123965  1.124055  1.123965  1.124055             NaN   
2017-05-22 14:48  1.124030  1.124030  1.124030  1.124030             NaN   
2017-05-22 14:49  1.124005  1.124050  1.124005  1.124050             NaN   

                  20 Period Low  
Time                             
2017-05-22 14:40            NaN  
2017-05-22 14:41            NaN  
2017-05-22 14:42            NaN  
2017-05-22 14:43            NaN  
2017-05-22 14:44            NaN  
2017-05-22 14:45            NaN  
2017-05-22 14:46            NaN  
2017-05-22 14:47            NaN  
2017-05-22 14:48            NaN  
2017-05-22 14:49            NaN  "
EUR_USD,18:49:24,"                      Open      High       Low     Close  20 Period High  \
Time                                                                       
2017-05-22 14:40  1.123750  1.123825  1.123750  1.123825             NaN   
2017-05-22 14:41  1.123850  1.123940  1.123850  1.123940             NaN   
2017-05-22 14:42  1.123970  1.124020  1.123970  1.124020             NaN   
2017-05-22 14:43  1.123995  1.124105  1.123995  1.124105             NaN   
2017-05-22 14:44  1.124110  1.124110  1.124060  1.124065             NaN   
2017-05-22 14:45  1.124040  1.124040  1.123995  1.123995             NaN   
2017-05-22 14:46  1.123970  1.123970  1.123945  1.123945             NaN   
2017-05-22 14:47  1.123965  1.124055  1.123965  1.124055             NaN   
2017-05-22 14:48  1.124030  1.124030  1.124030  1.124030             NaN   
2017-05-22 14:49  1.124005  1.124070  1.124005  1.124070             NaN   

                  20 Period Low  
Time                             
2017-05-22 14:40            NaN  
2017-05-22 14:41            NaN  
2017-05-22 14:42            NaN  
2017-05-22 14:43            NaN  
2017-05-22 14:44            NaN  
2017-05-22 14:45            NaN  
2017-05-22 14:46            NaN  
2017-05-22 14:47            NaN  
2017-05-22 14:48            NaN  
2017-05-22 14:49            NaN  "
EUR_USD,18:49:25,"                      Open      High       Low     Close  20 Period High  \
Time                                                                       
2017-05-22 14:40  1.123750  1.123825  1.123750  1.123825             NaN   
2017-05-22 14:41  1.123850  1.123940  1.123850  1.123940             NaN   
2017-05-22 14:42  1.123970  1.124020  1.123970  1.124020             NaN   
2017-05-22 14:43  1.123995  1.124105  1.123995  1.124105             NaN   
2017-05-22 14:44  1.124110  1.124110  1.124060  1.124065             NaN   
2017-05-22 14:45  1.124040  1.124040  1.123995  1.123995             NaN   
2017-05-22 14:46  1.123970  1.123970  1.123945  1.123945             NaN   
2017-05-22 14:47  1.123965  1.124055  1.123965  1.124055             NaN   
2017-05-22 14:48  1.124030  1.124030  1.124030  1.124030             NaN   
2017-05-22 14:49  1.124005  1.124100  1.124005  1.124100             NaN   

                  20 Period Low  
Time                             
2017-05-22 14:40            NaN  
2017-05-22 14:41            NaN  
2017-05-22 14:42            NaN  
2017-05-22 14:43            NaN  
2017-05-22 14:44            NaN  
2017-05-22 14:45            NaN  
2017-05-22 14:46            NaN  
2017-05-22 14:47            NaN  
2017-05-22 14:48            NaN  
2017-05-22 14:49            NaN  "
EUR_USD,18:50:00,"                      Open      High       Low     Close  20 Period High  \
Time                                                                       
2017-05-22 14:40  1.123750  1.123825  1.123750  1.123825             NaN   
2017-05-22 14:41  1.123850  1.123940  1.123850  1.123940             NaN   
2017-05-22 14:42  1.123970  1.124020  1.123970  1.124020             NaN   
2017-05-22 14:43  1.123995  1.124105  1.123995  1.124105             NaN   
2017-05-22 14:44  1.124110  1.124110  1.124060  1.124065             NaN   
2017-05-22 14:45  1.124040  1.124040  1.123995  1.123995             NaN   
2017-05-22 14:46  1.123970  1.123970  1.123945  1.123945             NaN   
2017-05-22 14:47  1.123965  1.124055  1.123965  1.124055             NaN   
2017-05-22 14:48  1.124030  1.124030  1.124030  1.124030             NaN   
2017-05-22 14:49  1.124005  1.124100  1.124005  1.124100             NaN   
2017-05-22 14:50  1.124075  1.124075  1.124075  1.124075             NaN   

                  20 Period Low  
Time                             
2017-05-22 14:40            NaN  
2017-05-22 14:41            NaN  
2017-05-22 14:42            NaN  
2017-05-22 14:43            NaN  
2017-05-22 14:44            NaN  
2017-05-22 14:45            NaN  
2017-05-22 14:46            NaN  
2017-05-22 14:47            NaN  
2017-05-22 14:48            NaN  
2017-05-22 14:49            NaN  
2017-05-22 14:50            NaN  "
Currency,Time,Open,High,Low,Close,20 Period High,20 Period Low
Currency,Time,Open,High,Low,Close,20 Period High,20 Period Low
Currency,Time,Open,High,Low,Close,20 Period High,20 Period Low
EUR_USD,18:51:52,"                      Open      High       Low     Close  20 Period High  \
Time                                                                       
2017-05-22 14:52  1.123825  1.123825  1.123825  1.123825             NaN   

                  20 Period Low  
Time                             
2017-05-22 14:52            NaN  "
EUR_USD,18:52:22,"                      Open      High     Low   Close  20 Period High  \
Time                                                                   
2017-05-22 14:52  1.123825  1.123825  1.1238  1.1238             NaN   

                  20 Period Low  
Time                             
2017-05-22 14:52            NaN  "
EUR_USD,18:52:23,"                      Open      High      Low    Close  20 Period High  \
Time                                                                     
2017-05-22 14:52  1.123825  1.123825  1.12378  1.12378             NaN   

                  20 Period Low  
Time                             
2017-05-22 14:52            NaN  "
EUR_USD,18:52:41,"                      Open      High       Low     Close  20 Period High  \
Time                                                                       
2017-05-22 14:52  1.123825  1.123825  1.123735  1.123735             NaN   

                  20 Period Low  
Time                             
2017-05-22 14:52            NaN  "
EUR_USD,18:52:41,"                      Open      High      Low    Close  20 Period High  \
Time                                                                     
2017-05-22 14:52  1.123825  1.123825  1.12371  1.12371             NaN   

                  20 Period Low  
Time                             
2017-05-22 14:52            NaN  "
EUR_USD,18:52:42,"                      Open      High      Low    Close  20 Period High  \
Time                                                                     
2017-05-22 14:52  1.123825  1.123825  1.12369  1.12369             NaN   

                  20 Period Low  
Time                             
2017-05-22 14:52            NaN  "
EUR_USD,18:52:44,"                      Open      High      Low     Close  20 Period High  \
Time                                                                      
2017-05-22 14:52  1.123825  1.123825  1.12369  1.123745             NaN   

                  20 Period Low  
Time                             
2017-05-22 14:52            NaN  "
EUR_USD,18:52:45,"                      Open      High      Low    Close  20 Period High  \
Time                                                                     
2017-05-22 14:52  1.123825  1.123825  1.12369  1.12372             NaN   

                  20 Period Low  
Time                             
2017-05-22 14:52            NaN  "
EUR_USD,18:52:45,"                      Open      High      Low   Close  20 Period High  \
Time                                                                    
2017-05-22 14:52  1.123825  1.123825  1.12369  1.1237             NaN   

                  20 Period Low  
Time                             
2017-05-22 14:52            NaN  "
EUR_USD,18:52:56,"                      Open      High      Low    Close  20 Period High  \
Time                                                                     
2017-05-22 14:52  1.123825  1.123825  1.12368  1.12368             NaN   

                  20 Period Low  
Time                             
2017-05-22 14:52            NaN  "
EUR_USD,18:53:00,"                      Open      High       Low     Close  20 Period High  \
Time                                                                       
2017-05-22 14:52  1.123825  1.123825  1.123680  1.123680             NaN   
2017-05-22 14:53  1.123605  1.123605  1.123605  1.123605             NaN   

                  20 Period Low  
Time                             
2017-05-22 14:52            NaN  
2017-05-22 14:53            NaN  "
EUR_USD,18:53:01,"                      Open      High       Low     Close  20 Period High  \
Time                                                                       
2017-05-22 14:52  1.123825  1.123825  1.123680  1.123680             NaN   
2017-05-22 14:53  1.123605  1.123605  1.123585  1.123585             NaN   

                  20 Period Low  
Time                             
2017-05-22 14:52            NaN  
2017-05-22 14:53            NaN  "
EUR_USD,18:53:21,"                      Open      High      Low    Close  20 Period High  \
Time                                                                     
2017-05-22 14:52  1.123825  1.123825  1.12368  1.12368             NaN   
2017-05-22 14:53  1.123605  1.123605  1.12356  1.12356             NaN   

                  20 Period Low  
Time                             
2017-05-22 14:52            NaN  
2017-05-22 14:53            NaN  "
EUR_USD,18:53:22,"                      Open      High       Low     Close  20 Period High  \
Time                                                                       
2017-05-22 14:52  1.123825  1.123825  1.123680  1.123680             NaN   
2017-05-22 14:53  1.123605  1.123605  1.123535  1.123535             NaN   

                  20 Period Low  
Time                             
2017-05-22 14:52            NaN  
2017-05-22 14:53            NaN  "
EUR_USD,18:53:30,"                      Open      High      Low    Close  20 Period High  \
Time                                                                     
2017-05-22 14:52  1.123825  1.123825  1.12368  1.12368             NaN   
2017-05-22 14:53  1.123605  1.123605  1.12349  1.12349             NaN   

                  20 Period Low  
Time                             
2017-05-22 14:52            NaN  
2017-05-22 14:53            NaN  "
EUR_USD,18:53:37,"                      Open      High      Low    Close  20 Period High  \
Time                                                                     
2017-05-22 14:52  1.123825  1.123825  1.12368  1.12368             NaN   
2017-05-22 14:53  1.123605  1.123605  1.12349  1.12351             NaN   

                  20 Period Low  
Time                             
2017-05-22 14:52            NaN  
2017-05-22 14:53            NaN  "
EUR_USD,18:53:37,"                      Open      High      Low    Close  20 Period High  \
Time                                                                     
2017-05-22 14:52  1.123825  1.123825  1.12368  1.12368             NaN   
2017-05-22 14:53  1.123605  1.123605  1.12349  1.12349             NaN   

                  20 Period Low  
Time                             
2017-05-22 14:52            NaN  
2017-05-22 14:53            NaN  "
EUR_USD,18:53:53,"                      Open      High      Low    Close  20 Period High  \
Time                                                                     
2017-05-22 14:52  1.123825  1.123825  1.12368  1.12368             NaN   
2017-05-22 14:53  1.123605  1.123605  1.12346  1.12346             NaN   

                  20 Period Low  
Time                             
2017-05-22 14:52            NaN  
2017-05-22 14:53            NaN  "
EUR_USD,18:53:53,"                      Open      High      Low     Close  20 Period High  \
Time                                                                      
2017-05-22 14:52  1.123825  1.123825  1.12368  1.123680             NaN   
2017-05-22 14:53  1.123605  1.123605  1.12346  1.123485             NaN   

                  20 Period Low  
Time                             
2017-05-22 14:52            NaN  
2017-05-22 14:53            NaN  "
EUR_USD,18:53:53,"                      Open      High      Low    Close  20 Period High  \
Time                                                                     
2017-05-22 14:52  1.123825  1.123825  1.12368  1.12368             NaN   
2017-05-22 14:53  1.123605  1.123605  1.12346  1.12351             NaN   

                  20 Period Low  
Time                             
2017-05-22 14:52            NaN  
2017-05-22 14:53            NaN  "
EUR_USD,18:53:54,"                      Open      High      Low     Close  20 Period High  \
Time                                                                      
2017-05-22 14:52  1.123825  1.123825  1.12368  1.123680             NaN   
2017-05-22 14:53  1.123605  1.123605  1.12346  1.123535             NaN   

                  20 Period Low  
Time                             
2017-05-22 14:52            NaN  
2017-05-22 14:53            NaN  "
EUR_USD,18:53:58,"                      Open      High      Low    Close  20 Period High  \
Time                                                                     
2017-05-22 14:52  1.123825  1.123825  1.12368  1.12368             NaN   
2017-05-22 14:53  1.123605  1.123605  1.12346  1.12356             NaN   

                  20 Period Low  
Time                             
2017-05-22 14:52            NaN  
2017-05-22 14:53            NaN  "
EUR_USD,18:54:00,"                      Open      High      Low    Close  20 Period High  \
Time                                                                     
2017-05-22 14:52  1.123825  1.123825  1.12368  1.12368             NaN   
2017-05-22 14:53  1.123605  1.123605  1.12346  1.12356             NaN   
2017-05-22 14:54  1.123580  1.123580  1.12358  1.12358             NaN   

                  20 Period Low  
Time                             
2017-05-22 14:52            NaN  
2017-05-22 14:53            NaN  
2017-05-22 14:54            NaN  "
EUR_USD,18:54:11,"                      Open      High      Low    Close  20 Period High  \
Time                                                                     
2017-05-22 14:52  1.123825  1.123825  1.12368  1.12368             NaN   
2017-05-22 14:53  1.123605  1.123605  1.12346  1.12356             NaN   
2017-05-22 14:54  1.123580  1.123580  1.12353  1.12353             NaN   

                  20 Period Low  
Time                             
2017-05-22 14:52            NaN  
2017-05-22 14:53            NaN  
2017-05-22 14:54            NaN  "
EUR_USD,18:54:21,"                      Open      High      Low    Close  20 Period High  \
Time                                                                     
2017-05-22 14:52  1.123825  1.123825  1.12368  1.12368             NaN   
2017-05-22 14:53  1.123605  1.123605  1.12346  1.12356             NaN   
2017-05-22 14:54  1.123580  1.123580  1.12351  1.12351             NaN   

                  20 Period Low  
Time                             
2017-05-22 14:52            NaN  
2017-05-22 14:53            NaN  
2017-05-22 14:54            NaN  "
EUR_USD,18:54:22,"                      Open      High      Low    Close  20 Period High  \
Time                                                                     
2017-05-22 14:52  1.123825  1.123825  1.12368  1.12368             NaN   
2017-05-22 14:53  1.123605  1.123605  1.12346  1.12356             NaN   
2017-05-22 14:54  1.123580  1.123580  1.12351  1.12353             NaN   

                  20 Period Low  
Time                             
2017-05-22 14:52            NaN  
2017-05-22 14:53            NaN  
2017-05-22 14:54            NaN  "
EUR_USD,18:54:24,"                      Open      High      Low    Close  20 Period High  \
Time                                                                     
2017-05-22 14:52  1.123825  1.123825  1.12368  1.12368             NaN   
2017-05-22 14:53  1.123605  1.123605  1.12346  1.12356             NaN   
2017-05-22 14:54  1.123580  1.123580  1.12349  1.12349             NaN   

                  20 Period Low  
Time                             
2017-05-22 14:52            NaN  
2017-05-22 14:53            NaN  
2017-05-22 14:54            NaN  "
EUR_USD,18:54:40,"                      Open      High      Low     Close  20 Period High  \
Time                                                                      
2017-05-22 14:52  1.123825  1.123825  1.12368  1.123680             NaN   
2017-05-22 14:53  1.123605  1.123605  1.12346  1.123560             NaN   
2017-05-22 14:54  1.123580  1.123580  1.12349  1.123515             NaN   

                  20 Period Low  
Time                             
2017-05-22 14:52            NaN  
2017-05-22 14:53            NaN  
2017-05-22 14:54            NaN  "
EUR_USD,18:54:47,"                      Open      High      Low    Close  20 Period High  \
Time                                                                     
2017-05-22 14:52  1.123825  1.123825  1.12368  1.12368             NaN   
2017-05-22 14:53  1.123605  1.123605  1.12346  1.12356             NaN   
2017-05-22 14:54  1.123580  1.123580  1.12349  1.12349             NaN   

                  20 Period Low  
Time                             
2017-05-22 14:52            NaN  
2017-05-22 14:53            NaN  
2017-05-22 14:54            NaN  "
Currency,Time,Open,High,Low,Close,20 Period High,20 Period Low
EUR_USD,18:56:23,"                     Open     High      Low    Close  20 Period High  \
Time                                                                   
2017-05-22 14:55  1.12344  1.12346  1.12344  1.12346             NaN   
2017-05-22 14:56  1.12344  1.12351  1.12344  1.12351             NaN   

                  20 Period Low  
Time                             
2017-05-22 14:55            NaN  
2017-05-22 14:56            NaN  "
EUR_USD,18:57:17,"                      Open      High       Low     Close  20 Period High  \
Time                                                                       
2017-05-22 14:56  1.123510  1.123555  1.123510  1.123535             NaN   
2017-05-22 14:57  1.123555  1.123555  1.123535  1.123535             NaN   

                  20 Period Low  
Time                             
2017-05-22 14:56            NaN  
2017-05-22 14:57            NaN  "
Currency,Time,Open,High,Low,Close,20 Period High,20 Period Low
Currency,Time,Open,High,Low,Close,20 Period High,20 Period Low
EUR_JPY,19:01:55,"                     Open     High      Low    Close  20 Period High  \
Time                                                                   
2017-05-22 14:59  124.941  124.944  124.935  124.944             NaN   

                  20 Period Low  
Time                             
2017-05-22 14:59            NaN  "
Currency,Time,Open,High,Low,Close,20 Period High,20 Period Low
Currency,Time,Open,High,Low,Close,20 Period High,20 Period Low
Currency,Time,Open,High,Low,Close,20 Period High,20 Period Low
Currency,Time,Open,High,Low,Close,20 Period High,20 Period Low
Currency,Time,Open,High,Low,Close,20 Period High,20 Period Low
Currency,Time,Open,High,Low,Close,20 Period High,20 Period Low
Currency,Time,Open,High,Low,Close,20 Period High,20 Period Low
EUR_USD,19:12:15,"                      Open      High       Low     Close  20 Period High  \
Time                                                                       
2017-05-22 15:12  1.123075  1.123075  1.123075  1.123075             NaN   

                  20 Period Low  
Time                             
2017-05-22 15:12            NaN  "
EUR_USD,19:12:24,"                      Open      High       Low     Close  20 Period High  \
Time                                                                       
2017-05-22 15:12  1.123075  1.123075  1.123055  1.123055             NaN   

                  20 Period Low  
Time                             
2017-05-22 15:12            NaN  "
EUR_USD,19:12:25,"                      Open      High       Low     Close  20 Period High  \
Time                                                                       
2017-05-22 15:12  1.123075  1.123075  1.123055  1.123075             NaN   

                  20 Period Low  
Time                             
2017-05-22 15:12            NaN  "
Currency,Time,Open,High,Low,Close,20 Period High,20 Period Low
EUR_USD,19:14:18,"Time
2017-05-22 15:14    1.123185
Freq: T, Name: Open, dtype: float64","Time
2017-05-22 15:14    1.123185
Freq: T, Name: High, dtype: float64","Time
2017-05-22 15:14    1.123185
Freq: T, Name: Low, dtype: float64","Time
2017-05-22 15:14    1.123185
Freq: T, Name: Close, dtype: float64","Time
2017-05-22 15:14   NaN
Freq: T, Name: 20 Period High, dtype: float64","Time
2017-05-22 15:14   NaN
Freq: T, Name: 20 Period Low, dtype: float64"
EUR_USD,19:14:27,"Time
2017-05-22 15:14    1.123185
Freq: T, Name: Open, dtype: float64","Time
2017-05-22 15:14    1.123205
Freq: T, Name: High, dtype: float64","Time
2017-05-22 15:14    1.123185
Freq: T, Name: Low, dtype: float64","Time
2017-05-22 15:14    1.123205
Freq: T, Name: Close, dtype: float64","Time
2017-05-22 15:14   NaN
Freq: T, Name: 20 Period High, dtype: float64","Time
2017-05-22 15:14   NaN
Freq: T, Name: 20 Period Low, dtype: float64"
EUR_USD,19:14:30,"Time
2017-05-22 15:14    1.123185
Freq: T, Name: Open, dtype: float64","Time
2017-05-22 15:14    1.123205
Freq: T, Name: High, dtype: float64","Time
2017-05-22 15:14    1.123185
Freq: T, Name: Low, dtype: float64","Time
2017-05-22 15:14    1.123185
Freq: T, Name: Close, dtype: float64","Time
2017-05-22 15:14   NaN
Freq: T, Name: 20 Period High, dtype: float64","Time
2017-05-22 15:14   NaN
Freq: T, Name: 20 Period Low, dtype: float64"
EUR_USD,19:14:37,"Time
2017-05-22 15:14    1.123185
Freq: T, Name: Open, dtype: float64","Time
2017-05-22 15:14    1.123205
Freq: T, Name: High, dtype: float64","Time
2017-05-22 15:14    1.123155
Freq: T, Name: Low, dtype: float64","Time
2017-05-22 15:14    1.123155
Freq: T, Name: Close, dtype: float64","Time
2017-05-22 15:14   NaN
Freq: T, Name: 20 Period High, dtype: float64","Time
2017-05-22 15:14   NaN
Freq: T, Name: 20 Period Low, dtype: float64"
EUR_USD,19:14:45,"Time
2017-05-22 15:14    1.123185
Freq: T, Name: Open, dtype: float64","Time
2017-05-22 15:14    1.123205
Freq: T, Name: High, dtype: float64","Time
2017-05-22 15:14    1.123155
Freq: T, Name: Low, dtype: float64","Time
2017-05-22 15:14    1.12318
Freq: T, Name: Close, dtype: float64","Time
2017-05-22 15:14   NaN
Freq: T, Name: 20 Period High, dtype: float64","Time
2017-05-22 15:14   NaN
Freq: T, Name: 20 Period Low, dtype: float64"
Currency,Time,Open,High,Low,Close,20 Period High,20 Period Low
EUR_USD,19:16:29,"                     Open
Time                     
2017-05-22 15:16  1.12329","Time
2017-05-22 15:16    1.12329
Freq: T, Name: High, dtype: float64","Time
2017-05-22 15:16    1.12329
Freq: T, Name: Low, dtype: float64","Time
2017-05-22 15:16    1.12329
Freq: T, Name: Close, dtype: float64","Time
2017-05-22 15:16   NaN
Freq: T, Name: 20 Period High, dtype: float64","Time
2017-05-22 15:16   NaN
Freq: T, Name: 20 Period Low, dtype: float64"
EUR_USD,19:16:43,"                     Open
Time                     
2017-05-22 15:16  1.12329","Time
2017-05-22 15:16    1.123315
Freq: T, Name: High, dtype: float64","Time
2017-05-22 15:16    1.12329
Freq: T, Name: Low, dtype: float64","Time
2017-05-22 15:16    1.123315
Freq: T, Name: Close, dtype: float64","Time
2017-05-22 15:16   NaN
Freq: T, Name: 20 Period High, dtype: float64","Time
2017-05-22 15:16   NaN
Freq: T, Name: 20 Period Low, dtype: float64"
EUR_USD,19:16:52,"                     Open
Time                     
2017-05-22 15:16  1.12329","Time
2017-05-22 15:16    1.123315
Freq: T, Name: High, dtype: float64","Time
2017-05-22 15:16    1.123285
Freq: T, Name: Low, dtype: float64","Time
2017-05-22 15:16    1.123285
Freq: T, Name: Close, dtype: float64","Time
2017-05-22 15:16   NaN
Freq: T, Name: 20 Period High, dtype: float64","Time
2017-05-22 15:16   NaN
Freq: T, Name: 20 Period Low, dtype: float64"
Currency,Time,Open,High,Low,Close,20 Period High,20 Period Low
EUR_USD,19:20:04,"                       Mid
Time                      
2017-05-22 15:20  1.123345","                       Mid
Time                      
2017-05-22 15:20  1.123345","                       Mid
Time                      
2017-05-22 15:20  1.123345","                       Mid
Time                      
2017-05-22 15:20  1.123345"
EUR_USD,19:20:52,"                       Mid
Time                      
2017-05-22 15:20  1.123345","                       Mid
Time                      
2017-05-22 15:20  1.123345","                     Mid
Time                    
2017-05-22 15:20  1.1233","                     Mid
Time                    
2017-05-22 15:20  1.1233"
Currency,Time,Open,High,Low,Close,20 Period High,20 Period Low
Currency,Time,Open,High,Low,Close,20 Period High,20 Period Low
Currency,Time,Open,High,Low,Close,20 Period High,20 Period Low
EUR_USD,19:23:32,"                      Open      High       Low     Close  20 Period High  \
Time                                                                       
2017-05-22 15:24  1.123355  1.123355  1.123355  1.123355             NaN   

                  20 Period Low  
Time                             
2017-05-22 15:24            NaN  "
EUR_USD,19:25:10,"                      Open      High       Low     Close  20 Period High  \
Time                                                                       
2017-05-22 15:24  1.123355  1.123355  1.123355  1.123355             NaN   
2017-05-22 15:25  1.123385  1.123385  1.123385  1.123385             NaN   

                  20 Period Low  
Time                             
2017-05-22 15:24            NaN  
2017-05-22 15:25            NaN  "
Currency,Time,Open,High,Low,Close,20 Period High,20 Period Low
EUR_USD,19:25:10,"                      Open      High       Low     Close  20 Period High  \
Time                                                                       
2017-05-22 15:25  1.123385  1.123385  1.123385  1.123385             NaN   

                  20 Period Low  
Time                             
2017-05-22 15:25            NaN  "
EUR_USD,19:25:18,"                      Open     High       Low    Close  20 Period High  \
Time                                                                     
2017-05-22 15:25  1.123385  1.12341  1.123385  1.12341             NaN   

                  20 Period Low  
Time                             
2017-05-22 15:25            NaN  "
Currency,Time,Open,High,Low,Close,20 Period High,20 Period Low
Currency,Time,Open,High,Low,Close,20 Period High,20 Period Low
Currency,Time,Open,High,Low,Close,20 Period High,20 Period Low
EUR_USD,19:26:38,"Time
2017-05-22 15:27    1.123505
Freq: T, Name: Open, dtype: float64","Time
2017-05-22 15:27    1.123505
Freq: T, Name: High, dtype: float64","Time
2017-05-22 15:27    1.123505
Freq: T, Name: Low, dtype: float64","Time
2017-05-22 15:27    1.123505
Freq: T, Name: Close, dtype: float64","Time
2017-05-22 15:27   NaN
Freq: T, Name: 20 Period High, dtype: float64","Time
2017-05-22 15:27   NaN
Freq: T, Name: 20 Period Low, dtype: float64"
EUR_USD,19:28:27,"Time
2017-05-22 15:27    1.123505
2017-05-22 15:28    1.123530
Freq: T, Name: Open, dtype: float64","Time
2017-05-22 15:27    1.123505
2017-05-22 15:28    1.123530
Freq: T, Name: High, dtype: float64","Time
2017-05-22 15:27    1.123505
2017-05-22 15:28    1.123530
Freq: T, Name: Low, dtype: float64","Time
2017-05-22 15:27    1.123505
2017-05-22 15:28    1.123530
Freq: T, Name: Close, dtype: float64","Time
2017-05-22 15:27   NaN
2017-05-22 15:28   NaN
Freq: T, Name: 20 Period High, dtype: float64","Time
2017-05-22 15:27   NaN
2017-05-22 15:28   NaN
Freq: T, Name: 20 Period Low, dtype: float64"
Currency,Time,Open,High,Low,Close,20 Period High,20 Period Low
EUR_USD,19:30:28,"                      Open
Time                      
2017-05-22 15:30  1.123365","Time
2017-05-22 15:30    1.123365
Freq: T, Name: High, dtype: float64","Time
2017-05-22 15:30    1.123365
Freq: T, Name: Low, dtype: float64","Time
2017-05-22 15:30    1.123365
Freq: T, Name: Close, dtype: float64","Time
2017-05-22 15:30   NaN
Freq: T, Name: 20 Period High, dtype: float64","Time
2017-05-22 15:30   NaN
Freq: T, Name: 20 Period Low, dtype: float64"
EUR_USD,19:30:47,"                      Open
Time                      
2017-05-22 15:30  1.123365","Time
2017-05-22 15:30    1.123365
Freq: T, Name: High, dtype: float64","Time
2017-05-22 15:30    1.123255
Freq: T, Name: Low, dtype: float64","Time
2017-05-22 15:30    1.123255
Freq: T, Name: Close, dtype: float64","Time
2017-05-22 15:30   NaN
Freq: T, Name: 20 Period High, dtype: float64","Time
2017-05-22 15:30   NaN
Freq: T, Name: 20 Period Low, dtype: float64"
